attack,epsilon,clean_accuracy,adversarial_accuracy,attack_success_rate,mean_confidence_drop,total_images
fgsm,0.03,0.978147268408551,0.6666666666666666,0.3184393718633641,0.10316166920928094,12630
pgd,0.03,0.978147268408551,0.5924782264449723,0.394285251740327,0.06535596204294822,12630
