case_id,label,label_name,clean_pred,adv_pred,def_pred,clean_conf,adv_conf,def_conf,recovered_by_defense
1,10,No passing trucks,10,7,10,0.9999885559082031,0.6157796382904053,0.9983991980552673,True
2,16,Trucks prohibited,16,9,16,0.999906063079834,0.9415172338485718,0.9875032305717468,True
3,28,Children crossing,28,24,28,0.9999053478240967,0.5365382432937622,0.7401161789894104,True
4,17,No entry,17,9,17,0.9526489973068237,0.6929728388786316,0.6554694771766663,True
5,10,No passing trucks,10,9,10,0.9999877214431763,0.7686147689819336,0.9485486149787903,True
6,38,Keep right,38,40,38,0.9999698400497437,0.5053445100784302,0.9512841105461121,True
